{
  "project_info": {
    "project_number": "1014770419119",
    "project_id": "conectclient-5ce67",
    "storage_bucket": "conectclient-5ce67.firebasestorage.app"
  },
  "client": [
    {
      "client_info": {
        "mobilesdk_app_id": "1:1014770419119:android:dc894bbb2e18f2344e5b5a",
        "android_client_info": {
          "package_name": "Conect.Client"
        }
      },
      "oauth_client": [],
      "api_key": [
        {
          "current_key": "AIzaSyDji8xXMIGjepwLKWt8n63iw6OzY58lW60"
        }
      ],
      "services": {
        "appinvite_service": {
          "other_platform_oauth_client": []
        }
      }
    }
  ],
  "configuration_version": "1"
}